Product_name,Price,Rating,Seller_name
,,,
"Mi 10000mAH Li-Polymer, Micro-USB and Type C Input Port, Power Bank 3i with 18W Fast Charging (Midnight Black)",,4.2 out of 5 stars,Mi
"boAt EnergyShroom PB300 Air 10000 mAh 22.5W Pocket Size Power Bank with Compact and Lightweight Design, LED Battery Display, 12 Layer Smart IC Protection & Smart Power Management(Carbon Black)","1,349",4.0 out of 5 stars,boAt
"Ambrane 10000mAh Rugged, Slim & Compact Powerbank, 22.5W Fast Charging, USB & Type C Output, Power Delivery, Quick Charge for iPhone, Android & Other Devices (Force 10k, Orange)","1,299",3.9 out of 5 stars,Ambrane
,,,
"ZEBRONICS Mb10000S11 Power Bank, 10000 Mah, Rapid Charge, 20W Output, Dual USB Output, Pd 3.0 Type C, Built in Protections, Tablets Led Indicator, Made in India (Black)",599,3.4 out of 5 stars,ZEBRONICS
"Lifelong ZenCharge 10000 mAh 22.5 W Compact Pocket Size Power Bank with 6 Input/Output Port (Light Green, Lithium Polymer, Fast Charging, Quick Charge 3.0, Earbuds, Speaker, Tablet)","1,498",4.3 out of 5 stars,Lifelong
"Ambrane 20000mAh Powerbank, 22.5W Fast Charging, Triple Output (2 USB & 1 Type C), Power Delivery, Quick Charge for iPhone, Android & Other Devices, Made in India + Type C Cable (Stylo 20, Green)","1,599",3.7 out of 5 stars,Ambrane
"URBN 20000 mAh Lithium_Polymer 22.5W Super Fast Charging Ultra Compact Power Bank with Quick Charge & Power Delivery, Type C Input/Output, Made in India, Type C Cable Included (Blue)","2,102",3.9 out of 5 stars,URBN
"Redmi Lithiumpolymer 10000 Mah Fast Charging Slim Power Bank (Black, 10W Fast Charging, Dual Ports)",999,4.1 out of 5 stars,Redmi
"Ambrane 5000mAh 20W Pocket/Travel Friendly Super Compact Type C Fast Charging powerbank, in-Built Type C Input/Output Pin Compatible with Android, iPhone, Samsung Type C Phones (Pocket 5, Black)","1,199",4.0 out of 5 stars,Ambrane
,,,
Amazon Basics 20000 mAh 22.5W Ultra Fast Charging Power Bank | Type C Power Delivery (Input & Output) | Quick Charge | Two-Way Fast Charging (Lime),"1,599",3.9 out of 5 stars,Amazon
"Ambrane 5000mAh 20W Pocket/Travel Friendly Super Compact Type C Fast Charging powerbank, in-Built Type C Input/Output Pin Compatible with Android, iPhone, Samsung Type C Phones (Pocket 5, Blue)","1,199",4.0 out of 5 stars,Ambrane
Amazon Basics 10000 mAh 22.5W Ultra Fast Charging Power Bank | Type C Power Delivery (Input & Output) | Quick Charge | Two-Way Fast Charging (Lime),999,3.9 out of 5 stars,Amazon
"pTron Dynamo Spark 10000mAh 22.5W Power Bank, Compact Size Fast Charging, Supports VOOC/Wrap/Dash USB Charging, 20W PD Fast Charging, 3 Output Ports, 2 Input Ports & BIS Certified (Blue)",999,4.0 out of 5 stars,pTron
"Kratos Legend Pro Power Bank with USB C/B Input, Dual USB A Output, Slim Power Bank 10000mah Compatible for iPhone (Type A to Lightning), Samsung, Xiaomi, Oppo, Vivo, Remdi (use Type A to C/B Cable)",449,3.7 out of 5 stars,Kratos
"Spigen 20,000mAh, 30W Fast Charging Durable Alloy Power Bank with PD3.0 20W for 2 USB-C Ports, QC3.0 22.5W for USB-A Port - Navy Blue","2,477",3.9 out of 5 stars,Spigen
"Ambrane 20000 mAh Mini Power Bank with 22.5W Fast Charging, Pocket Size, Triple Output, Type C PD (Input & Output), Li-Polymer, Made in India + Type C Cable (Powerlit XL Lite, Black)","1,799",3.8 out of 5 stars,Ambrane
"Ambrane 27000mAh Powerbank, 22.5W Fast Charging, Triple Output (2 USB & 1 Type C), PD, Quick Charge for iPhone, Android & Other Devices, Made in India + Type C Cable (Stylo Pro 27K, Deep Purple)","2,199",3.9 out of 5 stars,Ambrane
"Portronics Luxcell Mini 10K Advanced 10000 mAh Nano Power Bank with 22.5W Max Output, LED Indicator, Mach USB-A Output, Type C PD Output, Type C Input, Wake Up Button(Green)","1,048",4.1 out of 5 stars,Portronics
"Anker Power Bank 20000 mAh with Built-in USB C Cable, 22.5W Fast Charging with 1 USB-C, 1 USB-A, for iPhones, iPads, Macbooks, Samsung Smartphones and Other Android Devices - Black","4,999",4.4 out of 5 stars,Anker
"Ambrane 10000mAh Magnetic Wireless Power Bank with Stand, 15W Wireless Fast Charging, Compact 22.5W PD Wired Charger, Compatible with iPhone 12/13/14/15 & Other Wireless Devices (Aerosync PB10,Black)","1,599",3.0 out of 5 stars,Ambrane
"Ambrane 4 in 1 Wireless Charging 10000mAh Power Bank 15W Fast Charging, USB & Type C Output, Power Delivery, Quick Charge for iPhone, Android & Other Devices (Aerosync Quad, Black)","1,499",3.0 out of 5 stars,Ambrane
"Portronics Ampbox 27K 65W 27000 mAh 4-in-1 Fast Charging Nano Power Bank with 2 Type C PD Output Ports & 2 Mach USB Output Ports Compatible with Laptop, Android Smartphones, iPhones, iPad, Tablet","3,499",3.8 out of 5 stars,Portronics
"Spigen 3in1 10000mAh Wireless Charging Power Bank with USB-A | USB-C 20W Fast Charging, Included USB-C to USB-C Cable, Lithium Polymer - Black","2,841",3.8 out of 5 stars,Spigen
"ZEBRONICS MB10000S5 Power Bank, 10000 mAh, 12W, Dual USB Output, Type C | Micro USB Inputs, Built in Protections, LED Indicator, Included USB to Type C Cable, Made in India",549,3.4 out of 5 stars,ZEBRONICS
,,,
,,,
,,,
"UltraProlink 10000mAh Wireless Magnetic Power Bank | 22.5W USB Output | Juice-Up Mag 3 | QC-PD-PPS Support | Mag-Safe Charging for iPhone Series 15,14,13 | Made in India | Kick Stand | UM1114","3,148",3.1 out of 5 stars,UltraProlink
"Portronics Wirecell 10 10000mAh 15W Magnetic Wireless Power Bank with 22.5 Wired Output Compatible with iPhone 12 & Above, Samsung Galaxy Z Fold 2, S20 FE, S6 Edge & Other QI enables Devices(White)","1,799",3.3 out of 5 stars,Portronics
"Trnd 15000mAh Lithium Ion Power Bank 22.5W Fast Charging Slim Compact Portable Charger with Dual Input Triple Output Ports EV Battery Technology (2 Type-C, 1 USB-A, Black)","2,299",4.2 out of 5 stars,Trnd
,,,
"INGCO 20V Fast Intelligent Charger, Serving Only INGCO Series 2.0Ah and 4.0Ah Batteries, Charges 20V 2.0Ah Battery in 0.5Hr, Charges 20V 4.0Ah Battery in 1Hr, Compatible with All INGCO 20V Power Tools","1,599",4.1 out of 5 stars,INGCO
"Callmate 20000mAh Power Bank, 23W Fast Charging with Type C PD (Input & Output)| Metal Body, 4 Output Ports and 2 Input | Digital Display (23 W, Quick Charger, Power Delivery) (Blue)","1,399",2.5 out of 5 stars,Callmate
"Promate PowerMag-Trio 10000mAh Power Bank, Compact Wireless Supercharge™ Battery Pack with 15W MagSafe Charger, 2.5W Apple Watch Charging Pad and 20W USB-C™, Black","2,999",3.5 out of 5 stars,Promate
OBOE Silicone Soft Cover Case for Mi Power Bank 3i 10000 mAh/Mi Wireless Power Bank 10000 mAh Battery (Pink) [Power Bank NOT Included],349,4.0 out of 5 stars,OBOE
MCDODO MC-3951 Mini Magnetic 15W Wireless Fast Charging Power Bank 5000mAh Black,"1,999",3.7 out of 5 stars,MCDODO
"Zaoma Flap Case Cover Pouch Compatible for MI 10000mAh Lithium Ion, Lithium Polymer Power Bank Pocket Pro Case (MIPOCK_MKDES)",399,3.2 out of 5 stars,Zaoma
,,,
"iGear Max 10 Plus: 10000mAh Magsafe Power Bank, 15W Wireless/22.5W Wired Charging, Digital Display, Type-C Input & Output, Phone Stand, Support iPhone 12 & Above","1,673.",3.8 out of 5 stars,iGear
"URBN 10000mAh Lithium Polymer Power Bank Ultra Compact with 12 Watt Fast Charging, (Black)",768,3.7 out of 5 stars,URBN
Trendy Retail® Two-Way Battery Charging Hub for DJI Mavic Mini/Mini 2 Charge 2 Batteries,,,Trendy
"Portronics Lithium Polymer Power M 20K 20000 mAh Metal Housing Power Bank with Dual Input (Type C + Micro USB) & Triple Output Fast Charging, 18 W with QC 3.0 & Type-C PD Type-C Cable Included -Black","1,999",3.9 out of 5 stars,Portronics
swabs® 1500mAh Large Capacity Battery Small Solar Charger Solar Power Bank Keychain Charger for Mobile Phones with Carabiner Emergency Power Supply - iOS pin,749,2.6 out of 5 stars,swabs®
JB ENTERPRISE Super Fast Charging 10000 mah Portable Charger Power Bank with cab,"1,498",2.8 out of 5 stars,JB
swabs® Solar Keychain Flashlight Solar Charger Mobile Power Supply Energy Saving Charger/Battery Power Bank for Cellphone,789,1.6 out of 5 stars,swabs®
OBOE Silicon Soft Cover Case for Mi Power Bank 3i 10000 mAh/Mi Wireless Power Bank 10000 mAh Battery (White)[Power Bank NOT Included],349,4.0 out of 5 stars,OBOE
"GearZTouch Volt Wireless Ultra Power Bank 10000mAH, Fast Charging 22.5W, Triple Output (1 USB, 1Lighteening&1 Type-C Port) Compatible with iPhone, iWatch & AirPods & All Android Devices (White)","1,947",5.0 out of 5 stars,GearZTouch
"Brain Freezer Silicone Soft Cover Case Compatible with Mi Boost Pro Power Bank (Black, 30000 mAh) (Device Not Included)",265,4.5 out of 5 stars,Brain
"Neopack MagSafe Power Bank 10000 mAH Portable Charger Support Wireless Charging @ 15W & Type-C PD @ 20W Compatible with iPhone 12/13/14/15/16 Series, Android Phones & USB-C Enabled Devices (Grey)","2,999",,Neopack
"AMYTEL 20000mAh Power Bank, 18W Fast Charging| Buit-in 4-in-1 Cables | 4 Output Ports and 3 Input | Digital Display |LED Torch|for iPhone, Smartphones (18 W, Fast Charging) (Black, Lithium Polymer)","1,299",,AMYTEL
"ZAOMA Shock Proof Pouch Case Wallet Cover Protector Compatible for Ambrane 20000mAh Power Bank, Stylo 20k 20W Fast Charging with Loop (PBPLOOP_DBRW004)",499,4.6 out of 5 stars,ZAOMA
"ICSTORE DIY 10000mAh Power Bank Circuit Board Assembly Module Kit, 5V Micro USB Input for Charging 3.7V Lithium-ion Rechargeable 1A Mobile Phone Charger/Adapter, LED Indicator (Red) - Pack of 4",234,3.4 out of 5 stars,ICSTORE
"ERH India 18650 Charger Board Lithium Battery Charging Module Dual USB 5V 2.4A Mini Type-C Module with Type-C Cable for Multiple Applications, Automotive Systems, Power Tools etc.",489,3.0 out of 5 stars,ERH
,,,
,,,
,,,
Pinaaki Enterprises Mi A1 Case | Premium Leather Finish | with Card Pockets | Wallet Stand |Complete Protection Cover for Mi A1 - Camel and Black,168,3.6 out of 5 stars,Pinaaki
Pinaaki Enterprises Infinix Hot 10 Play Case | Premium Leather Finish | with Card Pockets | Wallet Stand |Complete Protection Cover for Infinix Hot 10 Play - Camel and Black,219,3.6 out of 5 stars,Pinaaki
Pinaaki Enterprises LG W31 Case | Premium Leather Finish | with Card Pockets | Wallet Stand |Complete Protection Cover for LG W31 - Camel and Black,169,3.6 out of 5 stars,Pinaaki
,,,
ERH India (Pack of 2) 5v Step-Up Power Module Lithium Battery Charging Board Boost Converter Power Bank Module Circuit Board,274,3.6 out of 5 stars,ERH
"Geekmonkey 3 in 1 Owl Shape Phone Holder, with Coin Bank, Cute Owl Phone Stand Holder Coin Banks Money Bank Coin Bank for Boys Kids Girls-Random (Owl Coin Bank Cum Mobile Holder)",391,4.6 out of 5 stars,Geekmonkey
Techtonics Mobile Power Boost DIY 18650 Lithium Battery Digital Dual USB with Display,420,2.9 out of 5 stars,Techtonics
KC PRODUCTS Fast USB 2.4 Amp Type-C High Speed Micro USB Fast Charging and Data/Sync Cable for Power Bank(White/Black),171,3.0 out of 5 stars,KC
INVENTO 5pcs 5V 1A 1.5A 2A 3 Micro USB Step-Up Power Bank Module Lithium ion Battery Charging Board Boost Converter Usb For DIY Power Bank circuit Charger,860,3.2 out of 5 stars,INVENTO
INVENTO 2pcs 5V Step-Up Power Module Lithium ion Battery Charging Board Boost Converter Usb For DIY Power Bank circuit Charger,299,3.2 out of 5 stars,INVENTO
,,,
KriTech (Pack of 2) Short Length Power Bank Charging & Data Sync Cable for iPhone 11Pro 11 11Pro Max XR XSMax XS 8 8Plus X 7Plus 7 SE 6S 6SPlus 6Plus 6 5S 5C 5- White,399,2.7 out of 5 stars,KriTech
KriTech (Pack of 3 Short Length Power Bank Charging & Data Sync Cable for iPhone 11Pro 11 11Pro Max XR XSMax XS 8 8Plus X 7Plus 7 SE 6S 6SPlus 6Plus 6 5S 5C 5- White,399,2.8 out of 5 stars,KriTech
30000mAh 10x18650 Power Bank Dual USB for All USB Devices White,,,30000mAh
"Mplerven Multi-Purpose Timed Lock Box Kitchen Storage & Piggy Bank Containers To Prevent & Control Mobile Phone Addiction, Prevent Excessive Smoking (1517)","8,367",3.7 out of 5 stars,Mplerven
"CALLMATE Unicharge 23W PD Fast Charging 10000mAh Power Bank with Inbuilt Charger, Dual Output Port (USB-A & USB-C PD), & Inbuilt Cable (Light-ning & Type C), AC & USB-C Input (White)","1,299",,CALLMATE
"DealGuru Emergency Charger, Keychain Phone Charger, Fast Finger 1500mah Charging, Key Ring Cell Phone Charger, Compatible with All Smart Phones for Travel C Type PIN (2)",590,,DealGuru
AWOKZA Portable Outdoor Electric Double Side Heating Mosquito Repellent Anti-Mosquito Repellent High-tech Electric USB Portable Mosquito Killer Device,"1,999",,AWOKZA
"ZAOMA Shock Proof Pouch Case Wallet Cover Protector Compatible for Flix(Beetel) UltraCharge 20,000mAh QCPD Power Bank Model No:. XPB-P25 with Loop (PBPLOOP_DBLK012)",499,,ZAOMA
"ZAOMA Shock Proof Pouch Case Wallet Cover Protector Compatible for Flix(Beetel) UltraCharge 20,000mAh QCPD Power Bank Model No:. XPB-P25 with Loop (PBPLOOP_DBRW012)",499,,ZAOMA
"ZAOMA Shock Proof Pouch Case Wallet Cover Protector Compatible for Mi 10000mAH Li-Polymer, Micro-USB and Type C Input Port, Power Bank 3i with 18W Fast Charging with Loop (PBPLOOP_DBLK001)",499,5.0 out of 5 stars,ZAOMA
ERH India Pack of 2 TP4056 Power Bank Lithium Battery Charging Module Circuit Type C 5v DC 1 Ampere for Robotics and DIY Electronics Projects etc,259,,ERH
"SR Portables High-Capacity Power Bank, 22.5W Fast Power Delivery Charging | Input- Type C, Micro USB| Triple Output - 2 x USB A, 1 x USB C (White, 10,000 mAh)",999,4.5 out of 5 stars,SR
R&D T6845 Power Bank 5V 2A Charging Circuit Module Pack of (5),289,3.0 out of 5 stars,R&D
R&D T6845 Power Bank 5V 2A Charging Circuit Module Pack of (14),534,3.0 out of 5 stars,R&D
"PISOSN Hard Carrying Case Compatible with Anker PowerCore Reserve 192Wh Power Bank 60,000mAh Portable Power and Accessories, Portable Fashion Travel Case","4,578",5.0 out of 5 stars,PISOSN
,,,
,,,
,,,
"Patel Mobile Point PMP Pro Mag 10000 Mah Wireless Dual Port Fast Charging Powerbank for Smartphones, Smartwatches & Other Devices (Black, Pack of 3)","14,397",,Patel
"XOVKOUES بطارية متوافقة Robovac L70 Hybrid, T2190, T2190G21 بطارية بديلة قابلة للتطبيق، طاقة عالية، سعة كبيرة14.4V/6400mAh",,,XOVKOUES
"POWERUP Boost 10000 mAh Power Bank Fast Charging with 3 Ports Micro, Type C & USB Compatible for Smartphones/Tablet/Smartwatch/Bluetooth Headphone & Speakers - White","1,990",,POWERUP
,,,
ZLASSIQUE Power Bank Micro USB Charging Cable,,,ZLASSIQUE
ZAOMA Shock Proof Pouch Case Wallet Cover Protector Compatible for ORAIMO 20000 mAh 12 w Power Bank OPB-P204D Traveler 4 Fast Charging with Loop (PBPLOOP_DBRW007),499,,ZAOMA
"22.5W Super Fast USB Type C Charger Compatible for Mobile,Power Banks|Fast Charging|(Adapter + USB to Type C Cable)|White",699,,22.5W
ERH India Pack of 2 TP4056 Power Bank Lithium Battery Charging Module Circuit Type C 5v DC 1 Ampere for Solar-Powered Systems and DIY Electronics Projects etc,259,,ERH
"ERH India Pack of 2 TP4056 Power Bank Lithium Battery Charging Module Circuit Type C 5v DC 1 Ampere for DIY Electronics Projects, Solar-Powered Systems etc",259,,ERH
"Lictopro Charging Hub Compatible for Phantom 4/4 Pro/4 Pro V2.0/4 Adv(Charge 3 Batteries One by One, Converting Phantom 4 Battery into Power Bank, Not Include Power Cable) Accessories",,,Lictopro
,,,
R&D T6845 Power Bank 5V 2A Charging Circuit Module Pack of (18),664,3.0 out of 5 stars,R&D
R&D T6845 Power Bank 5V 2A Charging Circuit Module Pack of (45),"1,537",3.0 out of 5 stars,R&D
R&D T6845 Power Bank 5V 2A Charging Circuit Module Pack of (20),726,3.0 out of 5 stars,R&D
R&D T6845 Power Bank 5V 2A Charging Circuit Module Pack of (16),596,3.0 out of 5 stars,R&D
R&D T6845 Power Bank 5V 2A Charging Circuit Module Pack of (40),"1,374",3.0 out of 5 stars,R&D
R&D T6845 Power Bank 5V 2A Charging Circuit Module Pack of (25),794,3.0 out of 5 stars,R&D
R&D T6845 Power Bank 5V 2A Charging Circuit Module Pack of (50),"1,704",3.0 out of 5 stars,R&D
R&D T6845 Power Bank 5V 2A Charging Circuit Module Pack of (30),"1,054",3.0 out of 5 stars,R&D
R&D T6845 Power Bank 5V 2A Charging Circuit Module Pack of (35),"1,214",3.0 out of 5 stars,R&D
"RAIACE Hard Travel Storage Case Compatible with Anker 27,650mAh 250W PowerBank + Anker 100W Charging Base. (case only) - Black","10,605",4.3 out of 5 stars,RAIACE
"KP Original - FO2 704573 3.7v 4500mAh Rechargeable Battery for Power Bank DVD, Tablet, MP3 Player, GPS, Instruments and DIY 4500 mah",550,,KP
"Unix 10000mAh Wireless Power Bank, Super Fast 22.5W PD Charging Upto 15W Magnetic Qi-Enabled Wireless Charging, Strong Magnetic Hold, 20W Type-C Cable Included Input/Output Charging (Silver)","2,089",,Unix
"CHAMPKIA Cordless Extension Board 2500W 10A Power with 2 Power Sockets, 2 USB & 20W Type C USB PD QC 3.0 Fast Switch Buttons LED Indicators for Electronic Devices with Emergency Touch Light","1,499",,CHAMPKIA
3NH® USB to DC Booster Cable 5V to 9V 12V Step Up Digital Display Adjustable 5521m Power Bank Router Cord,"1,510",,3NH®
"Amazon Basics 20000mAh 22.5W Lithium-Polymer Power Bank | Dual Input, Triple Output | Fast Charging,","1,947",,Amazon
,,,
,,,
,,,
UBERSWEET® 3B9E Charger Bank Black-White Powerbank Solar Lamp Compass,"2,450",,UBERSWEET®
UBERSWEET® E639 DIY Bank Dual USB Solar Power Black-White Powerbank Case Portable Lamp Kit,"2,450",,UBERSWEET®
UBERSWEET® 4D38 Dual USB DIY Black-Black Power Bank Charger Power Bank Solar Power Bank,"2,443",,UBERSWEET®
,,,
UBERSWEET® DE3B Lamp Power Solar Bank Dual USB Orange-White Powerbank Case Ports DIY,"2,450",,UBERSWEET®
UBERSWEET® 0E0D Power Charger Portable Power Bank Lamp Bank Dual USB Solar Power Bank,"2,456",,UBERSWEET®
UBERSWEET® 54A4 Bank Lamp Black-Black Solar Power Bank Charger Dual USB Panel Power Bank,"2,450",,UBERSWEET®
UBERSWEET® 5CD1 Dual USB Charger Portable Solar Power Bank Compass Power Solar Power Bank,"2,449",,UBERSWEET®
UBERSWEET® 9D83 Orange-White Case Bank Powerbank Power Dual USB Solar Outdoor Portable,"2,443",,UBERSWEET®
UBERSWEET® 2D8F Lamp Power Solar Powerbank Orange-White Compass Charger Bank Case Dual USB,"2,450",,UBERSWEET®
,,,
UBERSWEET® DA3E Dual USB Kits Portable Power Bank Case Solar Bank Solar Power Bank,"2,443",,UBERSWEET®
UBERSWEET® EF31 Bank Kits Portable Power Bank Compass Dual USB Solar Solar Power Bank,"2,443",,UBERSWEET®
UBERSWEET® CDC0 Lamp Solar Bank Powerbank Orange-White Charger Kits Power Case Dual USB,"2,450",,UBERSWEET®
UBERSWEET® 6793 Orange-White DIY Lamp Solar Bank Powerbank Kits Compass Dual USB Power,"2,450",,UBERSWEET®
UBERSWEET® 99A7 Lamp Case Orange-Blue Phone Charger Power Compass Kit Solar Power Bank,"2,450",,UBERSWEET®
UBERSWEET® F41F Dual USB Lamp Portable Power Bank Charger Solar Ports Solar Power Bank,"2,450",,UBERSWEET®
UBERSWEET® 89BD Bank Lamp Black-Black Solar Power Bank Charger Dual USB Ports Power Bank,"2,450",,UBERSWEET®
UBERSWEET® 11F0 Dual USB Kits Portable Power Bank Charger Solar Ports Solar Power Bank,"2,443",,UBERSWEET®
UBERSWEET® 4EDB Black-Black Dual USB Power Lamp Case Power Bank Solar Ports Kits Compass,"2,450",,UBERSWEET®
UBERSWEET® B959 Orange-White Lamp Compass Solar Case Powerbank DIY Kits Bank Power,"2,450",,UBERSWEET®
UBERSWEET® 2345 Black-Yellow Dual USB Solar Bank Kits Mobile Power Ports Portable Case DIY,"2,443",,UBERSWEET®
UBERSWEET® 0148 Orange-White Lamp Kits Solar Bank Powerbank Compass Charger Dual USB Power,"2,450",,UBERSWEET®
UBERSWEET® 9458 Powerbank Kits Bank Orange-White DIY Charger Solar,"2,443",,UBERSWEET®
UBERSWEET® 1D66 Orange-White Compass Charger Power Case Powerbank Kits DIY Dual USB Solar,"2,443",,UBERSWEET®
UBERSWEET® C0AB Power Kits Portable Solar Power Bank Compass Dual USB Ports Power Bank,"2,443",,UBERSWEET®
,,,
,,,
,,,
D7C5 Dual USB Lamp Portable Power Bank Case Power Solar Solar Power Bank,,,D7C5
9D83 Orange-White Case Bank Powerbank Power Dual USB Solar Outdoor Portable,,,9D83
6C78 Power Kits Portable Solar Power Bank DIY Solar Dual USB Power Bank,,,6C78
,,,
1D62 Orange-Green Lamp Kits Power Case Powerbank Compass Charger Bank Dual USB,,,1D62
4 USB 5V 4.2A Power Bank Case Kit 6x18650 Battery Charger Box + PCB Module,,,4
8383 Orange-Green Charger Compass Case Bank Powerbank Kits Lamp Solar Power,,,8383
20000mAh Dual 2 USB Mobile Battery Charger Power Bank Case DIY Kit white,,,20000mAh
B719 Orange-Green Kits DIY Power Bank Powerbank Lamp Compass Dual USB Case,,,B719
3303 Black-Yellow Dual USB Solar Bank Case Charger Ports Portable Power DIY,,,3303
,,,
5V 2A USB Mobile Phone Power Bank Charger Module PCB Board For 18650 Battery,,,5V
0148 Orange-White Lamp Kits Solar Bank Powerbank Compass Charger Dual USB Power,,,0148
5631 Dual USB Lamp Black-Black Solar Power Bank Case Power Solar Power Bank,,,5631
2B6A Black-Yellow Solar Dual USB Case Kits Mobile Power Travel Portable Bank,,,2B6A
Power Bank Case Kit 3X 18650 Battery Charger DIY Box Mobile Phone Blue,,,Power
Micro USB Data Sync Fast Charging Cables+Mobile Power Bank Case DIY Kit,,,Micro
18650 Battery Mobile Power Module Charger Board Practical 1pc 5V 1A/2.1A Bank,,,18650
E757 Portable Bank Power Charger Lamp Solar Power Bank Dual USB Panel DIY Kits,,,E757
E639 DIY Bank Dual USB Solar Power Black-White Powerbank Case Portable Lamp Kit,,,E639
6793 Orange-White DIY Lamp Solar Bank Powerbank Kits Compass Dual USB Power,,,6793
67E8 Kit Power Orange-Blue Phone Charger Dual USB DIY Compass Solar Power Bank,,,67E8
99A7 Lamp Case Orange-Blue Phone Charger Power Compass Kit Solar Power Bank,,,99A7
Orange-4 Port Power Bank Case Kit 18650 Battery Charger LED Light Indicator,,,Orange-4
EF31 Bank Kits Portable Power Bank Compass Dual USB Solar Solar Power Bank,,,EF31
B838 Case Orange-Green Powerbank Kits Charger Dual USB,,,B838
,,,
,,,
